{
    "data": {
        "banners": [
            {
                "id": "f7b52384-9133-4649-a25a-f7011aead174",
                "title": "Bem Vindos à Terra",
                "imageCover": "/content/media/banners/bem-vindos-a-terra.jpeg",
                "imageTitle": "/content/media/banners/bem-vindos-a-terra-titulo.png",
                "slug": "bem-vindos-a-terra"
            },
            {
                "id": "74d17ffa-34cd-49f6-a165-5db22fd3c150",
                "title": "Dr. Estranho",
                "imageCover": "/content/media/banners/dr-estranho.jpeg",
                "imageTitle": "/content/media/banners/dr-estranho-titulo.png",
                "slug": "dr-estranho"
            },
            {
                "id": "32c36389-f34f-41e5-8437-2d76251dd67f",
                "title": "Encanto",
                "imageCover": "/content/media/banners/encanto.jpeg",
                "imageTitle": "/content/media/banners/encanto-titulo.png",
                "slug": "encanto"
            },
            {
                "id": "f2ae10ac-262b-4e1a-94d2-c596ec6c1804",
                "title": "Gavião Arqueiro",
                "imageCover": "/content/media/banners/gaviao-arqueiro.jpeg",
                "imageTitle": "/content/media/banners/gaviao-arqueiro-titulo.png",
                "slug": "gaviao-arqueiro"
            },
            {
                "id": "42e6ce81-44e2-4f7a-b052-d567abfd09c6",
                "title": "Homem-Aranha",
                "imageCover": "/content/media/banners/homem-aranha.jpeg",
                "imageTitle": "/content/media/banners/homem-aranha-titulo.png",
                "slug": "homem-aranha"
            },
            {
                "id": "943dd837-5105-45ab-8c45-e869cff1687f",
                "title": "The Mandalorian",
                "imageCover": "/content/media/banners/the-mandalorian.jpeg",
                "imageTitle": "/content/media/banners/the-mandalorian-titulo.png",
                "slug": "the-mandalorian"
            }
        ],
        "categories": [
            {
                "id": "43f435a4-5188-4d29-b14c-9211bb3519de",
                "title": "Recomendados",
                "slug": "recomendados"
            },
            {
                "id": "c0922879-f838-4db7-9a06-def666850718",
                "title": "Disney",
                "image": "/content/media/categories/disney.png",
                "slug": "disney"
            },
            {
                "id": "7a11d2cc-0ea2-4fb9-bee9-bfcb9e7104bb",
                "title": "Pixar",
                "image": "/content/media/categories/pixar.png",
                "slug": "pixar"
            },
            {
                "id": "99a64432-90bb-4f5a-8452-1ae128504bb2",
                "title": "Marvel",
                "image": "/content/media/categories/marvel.png",
                "slug": "marvel"
            },
            {
                "id": "1aba57cf-2149-4ce1-866c-ca2a5d7ab868",
                "title": "Star Wars",
                "image": "/content/media/categories/star-wars.png",
                "slug": "star-wars"
            },
            {
                "id": "4d5bde1a-6b6d-473a-84be-8bfa364407e5",
                "title": "National Geographic",
                "image": "/content/media/categories/national-geographic.png",
                "slug": "national-geographic"
            },
            {
                "id": "82a1e857-5ccf-4a6d-88a6-83c36dc6812c",
                "title": "Clássicos Reinventados",
                "slug": "classicos"
            },
            {
                "id": "dc74e381-3043-4c4b-abae-db1655543ce7",
                "title": "Em Breve",
                "slug": "em-breve"
            },
            {
                "id": "a4c6bccd-f54b-410f-8aeb-6954608412a3",
                "title": "Documentários",
                "slug": "documentarios"
            }
        ],
        "movies": [
            {
                "id": "288186a0-278c-496e-8b02-8e71a96429c3",
                "title": "102 Dalmatas",
                "imageCover": "/content/media/movies/102-dalmatas.jpeg",
                "categories": ["82a1e857-5ccf-4a6d-88a6-83c36dc6812c"],
                "slug": "102-dalmatas"
            },
            {
                "id": "11f6e9cb-c868-489e-9247-677a77d03ea4",
                "title": "A Bela e a Fera",
                "imageCover": "/content/media/movies/a-bela-e-a-fera.jpeg",
                "categories": ["82a1e857-5ccf-4a6d-88a6-83c36dc6812c"],
                "slug": "a-bela-e-a-fera"
            },
            {
                "id": "36f1ac0c-d354-4867-b9d3-5932fec60684",
                "title": "A Dama e o Vagabundo",
                "imageCover": "/content/media/movies/a-dama-e-o-vagabundo.jpeg",
                "categories": ["82a1e857-5ccf-4a6d-88a6-83c36dc6812c"],
                "slug": ""
            },
            {
                "id": "50bda64a-11f4-41f4-b93d-b73fa9dd9682",
                "title": "A Montanha-Russa Enfeitiçada",
                "imageCover": "/content/media/movies/a-montanha-enfeiticada.jpeg",
                "categories": ["82a1e857-5ccf-4a6d-88a6-83c36dc6812c"],
                "slug": "a-montanha-enfeiticada"
            },
            {
                "id": "97bfeffa-c160-4ccb-b497-b17bc463b43b",
                "title": "Aladdin",
                "imageCover": "/content/media/movies/aladdin.jpeg",
                "categories": ["82a1e857-5ccf-4a6d-88a6-83c36dc6812c"],
                "slug": "aladdin"
            },
            {
                "id": "4fd8e37e-97e6-48b4-ab7f-dacb5072ede3",
                "title": "Alice Através do Espelho",
                "imageCover": "/content/media/movies/alice-atraves-do-espelho.jpeg",
                "categories": ["82a1e857-5ccf-4a6d-88a6-83c36dc6812c"],
                "slug": "alice-atraves-do-espelho"
            },
            {
                "id": "62dfc74e-c4eb-4a0a-a595-757ba954bbc6",
                "title": "Alice no País das Maravilhas",
                "imageCover": "/content/media/movies/alice-no-pais-das-maravilhas.jpeg",
                "categories": ["82a1e857-5ccf-4a6d-88a6-83c36dc6812c"],
                "slug": "alice-no-pais-das-maravilhas"
            },
            {
                "id": "8900f0a1-4221-4785-a65e-d7e258fd48d6",
                "title": "Christopher Robin",
                "imageCover": "/content/media/movies/christopher-robin.jpeg",
                "categories": ["82a1e857-5ccf-4a6d-88a6-83c36dc6812c"],
                "slug": "christopher-robin"
            },
            {
                "id": "0406fbb4-11c6-4b09-bb51-2e47826dab20",
                "title": "Cinderela",
                "imageCover": "/content/media/movies/cinderela.jpeg",
                "categories": ["82a1e857-5ccf-4a6d-88a6-83c36dc6812c"],
                "slug": "cinderela"
            },
            {
                "id": "0061aad7-d85d-402a-982e-b6253e7b4af6",
                "title": "Cruella",
                "imageCover": "/content/media/movies/cruella.jpeg",
                "categories": ["82a1e857-5ccf-4a6d-88a6-83c36dc6812c", "43f435a4-5188-4d29-b14c-9211bb3519de"],
                "slug": "cruella"
            },
            {
                "id": "cd3c2fc9-7f2f-409f-8994-1b7ad730ec06",
                "title": "Dumbo",
                "imageCover": "/content/media/movies/dumbo.jpeg",
                "categories": ["82a1e857-5ccf-4a6d-88a6-83c36dc6812c"],
                "slug": "dumbo"
            },
            {
                "id": "f264385d-2e63-4cc6-86b2-fb850f51934e",
                "title": "Frankenweenie",
                "imageCover": "/content/media/movies/frankenweenie.jpeg",
                "categories": ["82a1e857-5ccf-4a6d-88a6-83c36dc6812c"],
                "slug": "frankenweenie"
            },
            {
                "id": "1d69ae84-56b3-43e3-a14f-52779692a698",
                "title": "Freak Friday",
                "imageCover": "/content/media/movies/freak-friday.jpeg",
                "categories": ["82a1e857-5ccf-4a6d-88a6-83c36dc6812c"],
                "slug": "freak-friday"
            },
            {
                "id": "bd4f80df-e435-44e6-a2b0-2e87bc8a495e",
                "title": "Herbie: Meu Fusca Turbinado",
                "imageCover": "/content/media/movies/herbie-meu-fusca-turbinado.jpeg",
                "categories": ["82a1e857-5ccf-4a6d-88a6-83c36dc6812c"],
                "slug": "herbie-meu-fusca-turbinado"
            },
            {
                "id": "0d79a6fb-4f72-4511-8096-71cf1bb7ad27",
                "title": "Malévola",
                "imageCover": "/content/media/movies/malevola.jpeg",
                "categories": ["82a1e857-5ccf-4a6d-88a6-83c36dc6812c", "43f435a4-5188-4d29-b14c-9211bb3519de"],
                "slug": "malevola"
            },
            {
                "id": "91277874-9f5e-4a20-bc18-099d36ddbcbd",
                "title": "Malévola: A Dona do Mal",
                "imageCover": "/content/media/movies/malevola-a-dona-do-mal.jpeg",
                "categories": ["82a1e857-5ccf-4a6d-88a6-83c36dc6812c"],
                "slug": "malevola-a-dona-do-mal"
            },
            {
                "id": "2b54ce5a-84e3-4b29-807d-2af7fcb9f41e",
                "title": "Mogli: O Menino Lobo",
                "imageCover": "/content/media/movies/mogli-o-menino-lobo.jpeg",
                "categories": ["82a1e857-5ccf-4a6d-88a6-83c36dc6812c"],
                "slug": "mogli-o-menino-lobo"
            },
            {
                "id": "8a2ed964-d728-4c74-b9e7-e47751ee7c5e",
                "title": "Mulan",
                "imageCover": "/content/media/movies/mulan.jpeg",
                "categories": ["82a1e857-5ccf-4a6d-88a6-83c36dc6812c", "43f435a4-5188-4d29-b14c-9211bb3519de"],
                "slug": "mulan"
            },
            {
                "id": "4d8edc00-654f-46aa-a80a-01a38ffd568d",
                "title": "O Meu Amigo Dragão",
                "imageCover": "/content/media/movies/o-meu-amigo-dragao.jpeg",
                "categories": ["82a1e857-5ccf-4a6d-88a6-83c36dc6812c"],
                "slug": "o-meu-amigo-dragao"
            },
            {
                "id": "174ccf5b-c106-42c2-9ba8-255291bf0489",
                "title": "O Rei Leão",
                "imageCover": "/content/media/movies/o-rei-leao.jpeg",
                "categories": ["82a1e857-5ccf-4a6d-88a6-83c36dc6812c"],
                "slug": "o-rei-leao"
            },
            {
                "id": "05f51f70-835a-48b8-bbf4-cc7eb1dd6c14",
                "title": "Operação Cupido",
                "imageCover": "/content/media/movies/operacao-cupido.jpeg",
                "categories": ["82a1e857-5ccf-4a6d-88a6-83c36dc6812c"],
                "slug": "operacao-cupido"
            },
            {
                "id": "8d29e177-41c0-4094-9150-2ec502308020",
                "title": "Sexta-Feira Muito Louca",
                "imageCover": "/content/media/movies/sexta-feira-muito-louca.jpeg",
                "categories": ["82a1e857-5ccf-4a6d-88a6-83c36dc6812c"],
                "slug": "sexta-feira-muito-louca"
            },
            {
                "id": "42c0beba-f8dd-4d16-a681-df3a104911da",
                "title": "Tron: O Legado",
                "imageCover": "/content/media/movies/tron-o-legado.jpeg",
                "categories": ["82a1e857-5ccf-4a6d-88a6-83c36dc6812c"],
                "slug": "tron-o-legado"
            },
            {
                "id": "4ed81168-194d-4140-bf34-4602a7abcdd9",
                "title": "Turner e Hooch",
                "imageCover": "/content/media/movies/turner-e-hooch.jpeg",
                "categories": ["82a1e857-5ccf-4a6d-88a6-83c36dc6812c"],
                "slug": "turner-e-hooch"
            },
            {
                "id": "e39beb50-8935-412a-ae79-8db9dcfe1cab",
                "title": "Capitã Marvel",
                "imageCover": "/content/media/movies/capita-marvel.jpeg",
                "categories": ["99a64432-90bb-4f5a-8452-1ae128504bb2", "43f435a4-5188-4d29-b14c-9211bb3519de"],
                "slug": "capita-marvel"
            },
            {
                "id": "fcc99ea5-2ead-4868-a9c6-f62dd56c8bd0",
                "title": "Capitão América: Guerra Civil",
                "imageCover": "/content/media/movies/capitao-america-guerra-civil.jpeg",
                "categories": ["99a64432-90bb-4f5a-8452-1ae128504bb2"],
                "slug": "capitao-america-guerra-civil"
            },
            {
                "id": "ca002975-4944-4dc7-8f0c-2add5a44887a",
                "title": "Capitão América: O Primeiro Vingador",
                "imageCover": "/content/media/movies/capitao-america-o-primeiro-vingador.jpeg",
                "categories": ["99a64432-90bb-4f5a-8452-1ae128504bb2"],
                "slug": "capitao-america-o-primeiro-vingador"
            },
            {
                "id": "71ea5c6f-df07-4743-b54c-989e038f97e7",
                "title": "Capitão América: O Soldado Invernal",
                "imageCover": "/content/media/movies/capitao-america-soldado-invernal.jpeg",
                "categories": ["99a64432-90bb-4f5a-8452-1ae128504bb2"],
                "slug": "capitao-america-soldado-invernal"
            },
            {
                "id": "3803e74a-adfa-4b7b-9085-d02f721a2364",
                "title": "Doutor Estranho",
                "imageCover": "/content/media/movies/doutor-estranho.jpeg",
                "categories": ["99a64432-90bb-4f5a-8452-1ae128504bb2"],
                "slug": "doutor-estranho"
            },
            {
                "id": "3803e74a-adfa-4b7b-9085-d02f721a2364",
                "title": "Falcão e o Soldado Invernal",
                "imageCover": "/content/media/movies/falcao-e-o-soldado-invernal.jpeg",
                "categories": ["99a64432-90bb-4f5a-8452-1ae128504bb2"],
                "slug": "falcao-e-o-soldado-invernal"
            },
            {
                "id": "02354896-a92a-45e7-a77f-8deae74294f6",
                "title": "Gavião Arqueiro",
                "imageCover": "/content/media/movies/gaviao-arqueiro.jpeg",
                "categories": ["99a64432-90bb-4f5a-8452-1ae128504bb2"],
                "slug": "gaviao-arqueiro"
            },
            {
                "id": "ab2c60af-1024-42aa-aa81-92efc40f1baa",
                "title": "Guardiões da Galáxia",
                "imageCover": "/content/media/movies/guardioes-da-galaxia.jpeg",
                "categories": ["99a64432-90bb-4f5a-8452-1ae128504bb2"],
                "slug": "guardioes-da-galaxia"
            },
            {
                "id": "e0977625-ca2a-4020-89a3-37ab35b7ee85",
                "title": "Guardiões da Galáxia - Vol 2",
                "imageCover": "/content/media/movies/guardioes-da-galaxia-vol-2.jpeg",
                "categories": ["99a64432-90bb-4f5a-8452-1ae128504bb2"],
                "slug": "guardioes-da-galaxia-vol-2"
            },
            {
                "id": "3e8c8ca1-8d4f-4a81-860b-89e2f5955191",
                "title": "Homem de Ferro",
                "imageCover": "/content/media/movies/homem-de-ferro.jpeg",
                "categories": ["99a64432-90bb-4f5a-8452-1ae128504bb2"],
                "slug": "homem-de-ferro"
            },
            {
                "id": "4913b9a0-33f7-48b3-82d7-87bbd6515793",
                "title": "Homem de Ferro 2",
                "imageCover": "/content/media/movies/homem-de-ferro-2.jpeg",
                "categories": ["99a64432-90bb-4f5a-8452-1ae128504bb2"],
                "slug": "homem-de-ferro-2"
            },
            {
                "id": "077894b9-acd7-4aa7-a676-6070413672a7",
                "title": "Homem de Ferro 3",
                "imageCover": "/content/media/movies/homem-de-ferro-3.jpeg",
                "categories": ["99a64432-90bb-4f5a-8452-1ae128504bb2"],
                "slug": "homem-de-ferro-3"
            },
            {
                "id": "84bc5c5c-5c26-444c-9251-f64f3275bd89",
                "title": "Homem-Formiga",
                "imageCover": "/content/media/movies/homem-formiga.jpeg",
                "categories": ["99a64432-90bb-4f5a-8452-1ae128504bb2", "43f435a4-5188-4d29-b14c-9211bb3519de"],
                "slug": "homem-formiga"
            },
            {
                "id": "fbc601fc-4740-42fa-9c80-40e7811227d3",
                "title": "Homem-Formiga e Vespa",
                "imageCover": "/content/media/movies/homem-formiga-e-vespa.jpeg",
                "categories": ["99a64432-90bb-4f5a-8452-1ae128504bb2", "43f435a4-5188-4d29-b14c-9211bb3519de"],
                "slug": "homem-formiga-e-vespa"
            },
            {
                "id": "6e9920d8-505b-46ee-82e9-6773ebdf9323",
                "title": "Loki",
                "imageCover": "/content/media/movies/loki.jpeg",
                "categories": ["99a64432-90bb-4f5a-8452-1ae128504bb2"],
                "slug": "loki"
            },
            {
                "id": "5698b8c0-2f72-4fd6-ba11-95742279b171",
                "title": "Pantera Negra",
                "imageCover": "/content/media/movies/pantera-negra.jpeg",
                "categories": ["99a64432-90bb-4f5a-8452-1ae128504bb2", "43f435a4-5188-4d29-b14c-9211bb3519de"],
                "slug": "pantera-negra"
            },
            {
                "id": "062fc676-d9b1-4dee-a1eb-2468529641bf",
                "title": "Shang-Chi",
                "imageCover": "/content/media/movies/shang-chi.jpeg",
                "categories": ["99a64432-90bb-4f5a-8452-1ae128504bb2", "43f435a4-5188-4d29-b14c-9211bb3519de"],
                "slug": "shang-chi"
            },
            {
                "id": "ac5f1de7-3e20-48e5-9f10-b7e64fee823f",
                "title": "Thor",
                "imageCover": "/content/media/movies/thor.jpeg",
                "categories": ["99a64432-90bb-4f5a-8452-1ae128504bb2"],
                "slug": "thor"
            },
            {
                "id": "687f2f33-907c-46fa-bb56-799e148f3968",
                "title": "Thor: O Mundo Sombrio",
                "imageCover": "/content/media/movies/thor-o-mundo-sombrio.jpeg",
                "categories": ["99a64432-90bb-4f5a-8452-1ae128504bb2"],
                "slug": "thor-o-mundo-sombrio"
            },
            {
                "id": "4d01f80e-81ee-4fad-a382-37030e6d301a",
                "title": "Thor: Ragnarok",
                "imageCover": "/content/media/movies/thor-ragnarok.jpeg",
                "categories": ["99a64432-90bb-4f5a-8452-1ae128504bb2", "43f435a4-5188-4d29-b14c-9211bb3519de"],
                "slug": "thor-ragnarok"
            },
            {
                "id": "629c6cdc-d019-4b6e-9552-6a38bcc40649",
                "title": "Vingadores",
                "imageCover": "/content/media/movies/vingadores.jpeg",
                "categories": ["99a64432-90bb-4f5a-8452-1ae128504bb2"],
                "slug": "vingadores"
            },
            {
                "id": "5f18bccb-d83b-41ed-9727-1b3223536c88",
                "title": "Vingadores: Era de Ultron",
                "imageCover": "/content/media/movies/vingadores-era-de-ultron.jpeg",
                "categories": ["99a64432-90bb-4f5a-8452-1ae128504bb2"],
                "slug": "vingadores-era-de-ultron"
            },
            {
                "id": "a040a8d4-0981-49bf-9040-007a373c7333",
                "title": "Vingadores: Guerra Infinita",
                "imageCover": "/content/media/movies/vingadores-guerra-infinita.jpeg",
                "categories": ["99a64432-90bb-4f5a-8452-1ae128504bb2", "43f435a4-5188-4d29-b14c-9211bb3519de"],
                "slug": "vingadores-guerra-infinita"
            },
            {
                "id": "813d9389-a98e-423f-8469-45e131ff67ec",
                "title": "Vingadores: Ultimato",
                "imageCover": "/content/media/movies/vingadores-ultimato.jpeg",
                "categories": ["99a64432-90bb-4f5a-8452-1ae128504bb2"],
                "slug": "vingadores-ultimato"
            },
            {
                "id": "923b76e7-a022-4384-af51-9921b82faaaa",
                "title": "Viúva Negra",
                "imageCover": "/content/media/movies/viuva-negra.jpeg",
                "categories": ["99a64432-90bb-4f5a-8452-1ae128504bb2"],
                "slug": "viuva-negra"
            },
            {
                "id": "51d5dc9d-60fb-482d-b2e4-34281b25fd72",
                "title": "WandaVision",
                "imageCover": "/content/media/movies/wanda-vision.jpeg",
                "categories": ["99a64432-90bb-4f5a-8452-1ae128504bb2"],
                "slug": "wanda-vision"
            },
            {
                "id": "d3b604ba-a23e-4cec-bf36-cb8692d600d5",
                "title": "What If...?",
                "imageCover": "/content/media/movies/what-if.jpeg",
                "categories": ["99a64432-90bb-4f5a-8452-1ae128504bb2"],
                "slug": "what-if"
            },
            {
                "id": "b96afea3-cb1d-484b-95f1-2a613ab62070",
                "title": "101 Dalmatas",
                "imageCover": "/content/media/movies/101-dalmatas.jpeg",
                "categories": ["c0922879-f838-4db7-9a06-def666850718"],
                "slug": "101-dalmatas"
            },
            {
                "id": "071c6507-ea6c-403b-acb3-e1a6f640de89",
                "title": "A Bela Adormecida",
                "imageCover": "/content/media/movies/a-bela-adormecida.jpeg",
                "categories": ["c0922879-f838-4db7-9a06-def666850718"],
                "slug": "a-bela-adormecida"
            },
            {
                "id": "89a99cb5-033d-4894-93c3-1e79e473c0f4",
                "title": "A Dama e o Vagabundo",
                "imageCover": "/content/media/movies/a-dama-e-o-vagabundo-animation.jpeg",
                "categories": ["c0922879-f838-4db7-9a06-def666850718"],
                "slug": "a-dama-e-o-vagabundo-animation"
            },
            {
                "id": "cc2f07bf-43f5-488b-a6e6-6191bf207b32",
                "title": "A Nova Onda do Imperador",
                "imageCover": "/content/media/movies/a-nova-onda-do-imperador.jpeg",
                "categories": ["c0922879-f838-4db7-9a06-def666850718"],
                "slug": "a-nova-onda-do-imperador"
            },
            {
                "id": "6d971b63-3004-418b-8ff7-ee85c0e81267",
                "title": "A Pequena Sereia",
                "imageCover": "/content/media/movies/a-pequena-sereia.jpeg",
                "categories": ["c0922879-f838-4db7-9a06-def666850718"],
                "slug": "a-pequena-sereia"
            },
            {
                "id": "70f2533c-340d-497e-829f-00a98a8740bd",
                "title": "A Princesa e o Sapo",
                "imageCover": "/content/media/movies/a-princesa-e-o-sapo.jpeg",
                "categories": ["c0922879-f838-4db7-9a06-def666850718"],
                "slug": "a-princesa-e-o-sapo"
            },
            {
                "id": "540981a7-7400-4c04-9007-862cbebcf2ff",
                "title": "Aladdin",
                "imageCover": "/content/media/movies/aladdin-animation.jpeg",
                "categories": ["c0922879-f838-4db7-9a06-def666850718"],
                "slug": "aladdin-animation"
            },
            {
                "id": "216f1e48-8a57-4b22-ac2c-743556f93cbb",
                "title": "Alice no País das Maravilhas",
                "imageCover": "/content/media/movies/alice-no-pais-das-maravilhas-animation.jpeg",
                "categories": ["c0922879-f838-4db7-9a06-def666850718"],
                "slug": "alice-no-pais-das-maravilhas-animation"
            },
            {
                "id": "c6846bf5-9d98-43ab-9d34-4f07fc9aa418",
                "title": "As Aventuras de Ichabod e o Sr. Sapo",
                "imageCover": "/content/media/movies/as-aventuras-de-ichabod-e-o-sr-sapo.jpeg",
                "categories": ["c0922879-f838-4db7-9a06-def666850718"],
                "slug": "as-aventuras-de-ishabod-e-o-sr-sapo"
            },
            {
                "id": "5529a25f-8cfd-4ebd-83ed-92b89ce2ad35",
                "title": "Bernardo e Bianca",
                "imageCover": "/content/media/movies/bernardo-e-bianca.jpeg",
                "categories": ["c0922879-f838-4db7-9a06-def666850718"],
                "slug": "bernardo-e-bianca"
            },
            {
                "id": "9e538073-d3c0-438a-8a72-692b14e31831",
                "title": "Bolt: Supercão",
                "imageCover": "/content/media/movies/bolt-supercao.jpeg",
                "categories": ["c0922879-f838-4db7-9a06-def666850718"],
                "slug": "bolt-supercao"
            },
            {
                "id": "4e7f8883-ad89-446b-bde1-b6cb891bcb04",
                "title": "Detona Ralph",
                "imageCover": "/content/media/movies/detona-ralph.jpeg",
                "categories": ["c0922879-f838-4db7-9a06-def666850718"],
                "slug": "detona-ralph"
            },
            {
                "id": "89fd0ca8-8a4c-4a92-8a53-ff12ac748421",
                "title": "Wifi Ralph",
                "imageCover": "/content/media/movies/wifi-ralph.jpeg",
                "categories": ["c0922879-f838-4db7-9a06-def666850718"],
                "slug": "wifi-ralph"
            },
            {
                "id": "3874ed87-9056-45f4-b6da-b892dc69361e",
                "title": "Encanto",
                "imageCover": "/content/media/movies/encanto.jpeg",
                "categories": ["c0922879-f838-4db7-9a06-def666850718"],
                "slug": "encanto"
            },
            {
                "id": "6068366e-b41e-4e37-a32f-a992aa149ac6",
                "title": "Enrolados",
                "imageCover": "/content/media/movies/enrolados.jpeg",
                "categories": ["c0922879-f838-4db7-9a06-def666850718"],
                "slug": "enrolados"
            },
            {
                "id": "8f661868-867e-472d-9c59-9bc728a88906",
                "title": "Fronzen",
                "imageCover": "/content/media/movies/fronzen.jpeg",
                "categories": ["c0922879-f838-4db7-9a06-def666850718"],
                "slug": "fronzen"
            },
            {
                "id": "fd2ec656-24af-449e-8790-af7e5d75be13",
                "title": "Fronzen II",
                "imageCover": "/content/media/movies/fronzen-II.jpeg",
                "categories": ["c0922879-f838-4db7-9a06-def666850718"],
                "slug": "fronzen-II"
            },
            {
                "id": "d4bd854f-028f-47ce-bf71-e2e8ab7527f4",
                "title": "Hércules",
                "imageCover": "/content/media/movies/hercules.jpeg",
                "categories": ["c0922879-f838-4db7-9a06-def666850718"],
                "slug": "hercules"
            },
            {
                "id": "75fc72c7-9fc5-4962-8d18-7e2d69c1484b",
                "title": "Lilo & Stitch",
                "imageCover": "/content/media/movies/lilo-e-stitch.jpeg",
                "categories": ["c0922879-f838-4db7-9a06-def666850718"],
                "slug": "lilo-e-stitch"
            },
            {
                "id": "df26b6e9-6bc8-45e9-9a85-410342bc19dc",
                "title": "Moana",
                "imageCover": "/content/media/movies/moana.jpeg",
                "categories": ["c0922879-f838-4db7-9a06-def666850718"],
                "slug": "moana"
            },
            {
                "id": "da2e8d1d-149e-4b40-b847-282211587f13",
                "title": "Mogli: O Menino Lobo",
                "imageCover": "/content/media/movies/mogli-o-menino-lobo-animation.jpeg",
                "categories": ["c0922879-f838-4db7-9a06-def666850718"],
                "slug": "mogli-o-menino-lobo-animation"
            },
            {
                "id": "27de688c-3d3c-41e0-855f-379b37267336",
                "title": "O Ursinho Pooh",
                "imageCover": "/content/media/movies/o-ursinho-pooh.jpeg",
                "categories": ["c0922879-f838-4db7-9a06-def666850718"],
                "slug": "o-ursinho-pooh"
            },
            {
                "id": "6302048a-a8d7-40bf-830f-330e0d6b055d",
                "title": "Raya e o Último Dragão",
                "imageCover": "/content/media/movies/raya-e-o-ultimo-dragao.jpeg",
                "categories": ["c0922879-f838-4db7-9a06-def666850718", "43f435a4-5188-4d29-b14c-9211bb3519de"],
                "slug": "raya-e-o-ultimo-dragao"
            },
            {
                "id": "f73eb5ac-eddd-4d53-98d1-eca1009c6b4f",
                "title": "Tarzan",
                "imageCover": "/content/media/movies/tarzan.jpeg",
                "categories": ["c0922879-f838-4db7-9a06-def666850718"],
                "slug": "tarzan"
            },
            {
                "id": "03e422f3-32ae-43f3-8501-43d77a41b465",
                "title": "Zootopia",
                "imageCover": "/content/media/movies/zootopia.jpeg",
                "categories": ["c0922879-f838-4db7-9a06-def666850718"],
                "slug": "zootopia"
            },
            {
                "id": "3d1d8aa9-8cc3-4879-92ea-4bc9b6442284",
                "title": "Carros",
                "imageCover": "/content/media/movies/carros.jpeg",
                "categories": ["7a11d2cc-0ea2-4fb9-bee9-bfcb9e7104bb"],
                "slug": "carros"
            },
            {
                "id": "87e55979-d842-4c19-9e5a-9213514adb0d",
                "title": "Carros 2",
                "imageCover": "/content/media/movies/carros-2.jpeg",
                "categories": ["7a11d2cc-0ea2-4fb9-bee9-bfcb9e7104bb"],
                "slug": "carros-2"
            },
            {
                "id": "af912cce-167e-4539-bc87-27bc53c3c276",
                "title": "Carros 3",
                "imageCover": "/content/media/movies/carros-3.jpeg",
                "categories": ["7a11d2cc-0ea2-4fb9-bee9-bfcb9e7104bb"],
                "slug": "carros-3"
            },
            {
                "id": "d6ff4e34-20d8-4838-9769-1bf76c12c523",
                "title": "Divertidamente",
                "imageCover": "/content/media/movies/divertidamente.jpeg",
                "categories": ["7a11d2cc-0ea2-4fb9-bee9-bfcb9e7104bb"],
                "slug": "divertidamente"
            },
            {
                "id": "3d6ee116-cc2c-4c21-a3a5-e3e16d61c16c",
                "title": "Dois Irmãos",
                "imageCover": "/content/media/movies/dois-irmaos.jpeg",
                "categories": ["7a11d2cc-0ea2-4fb9-bee9-bfcb9e7104bb"],
                "slug": "dois-irmaos"
            },
            {
                "id": "59dad3e1-c44a-406d-8f95-d3b8e6201d4f",
                "title": "Luca",
                "imageCover": "/content/media/movies/luca.jpeg",
                "categories": ["7a11d2cc-0ea2-4fb9-bee9-bfcb9e7104bb", "43f435a4-5188-4d29-b14c-9211bb3519de"],
                "slug": "luca"
            },
            {
                "id": "79d33f3c-6783-4463-b92d-4df25a9c44b2",
                "title": "Monstros S.A",
                "imageCover": "/content/media/movies/monstros-sa.jpeg",
                "categories": ["7a11d2cc-0ea2-4fb9-bee9-bfcb9e7104bb", "43f435a4-5188-4d29-b14c-9211bb3519de"],
                "slug": "monstros-sa"
            },
            {
                "id": "b652b2d9-e885-44bb-b768-867b8f29b508",
                "title": "O Bom Dinossauro",
                "imageCover": "/content/media/movies/o-bom-dinossauro.jpeg",
                "categories": ["7a11d2cc-0ea2-4fb9-bee9-bfcb9e7104bb"],
                "slug": "o-bom-dinossauro"
            },
            {
                "id": "241c366b-9985-4412-a387-b294d3cd2284",
                "title": "Os Incríveis",
                "imageCover": "/content/media/movies/os-incriveis.jpeg",
                "categories": ["7a11d2cc-0ea2-4fb9-bee9-bfcb9e7104bb"],
                "slug": "os-incriveis"
            },
            {
                "id": "d1270037-4d50-47db-b754-44266052dd36",
                "title": "Os Incríveis 2",
                "imageCover": "/content/media/movies/os-incriveis-2.jpeg",
                "categories": ["7a11d2cc-0ea2-4fb9-bee9-bfcb9e7104bb"],
                "slug": "os-incriveis-2"
            },
            {
                "id": "2c1d6f5b-cf98-48f0-b709-a6b1c86cc34b",
                "title": "Procurando Nemo",
                "imageCover": "/content/media/movies/procurando-nemo.jpeg",
                "categories": ["7a11d2cc-0ea2-4fb9-bee9-bfcb9e7104bb"],
                "slug": "procurando-nemo"
            },
            {
                "id": "07c9297a-1ed1-4896-a3be-7bcdecf02ee0",
                "title": "Procurando Dory",
                "imageCover": "/content/media/movies/procurando-dory.jpeg",
                "categories": ["7a11d2cc-0ea2-4fb9-bee9-bfcb9e7104bb"],
                "slug": "procurando-dory"
            },
            {
                "id": "9a89bcec-3441-4831-8df7-544ddce714f8",
                "title": "Ratatouillie",
                "imageCover": "/content/media/movies/ratatouillie.jpeg",
                "categories": ["7a11d2cc-0ea2-4fb9-bee9-bfcb9e7104bb"],
                "slug": "ratatouillie"
            },
            {
                "id": "7cdd431a-26aa-4087-b69e-ec02fa7ea17a",
                "title": "Soul",
                "imageCover": "/content/media/movies/soul.jpeg",
                "categories": ["7a11d2cc-0ea2-4fb9-bee9-bfcb9e7104bb", "43f435a4-5188-4d29-b14c-9211bb3519de"],
                "slug": "soul"
            },
            {
                "id": "d38a0dab-207b-405d-a23f-eab4b99e39f1",
                "title": "Toy Story",
                "imageCover": "/content/media/movies/toy-story.jpeg",
                "categories": ["7a11d2cc-0ea2-4fb9-bee9-bfcb9e7104bb"],
                "slug": "toy-story"
            },
            {
                "id": "8ea60edf-3ed2-41a4-a8e4-f3e09ac68caf",
                "title": "Toy Story 2",
                "imageCover": "/content/media/movies/toy-story-2.jpeg",
                "categories": ["7a11d2cc-0ea2-4fb9-bee9-bfcb9e7104bb"],
                "slug": "toy-story-2"
            },
            {
                "id": "ebdfe0f5-be62-4316-895d-49a942220293",
                "title": "Toy Story 3",
                "imageCover": "/content/media/movies/toy-story-3.jpeg",
                "categories": ["7a11d2cc-0ea2-4fb9-bee9-bfcb9e7104bb"],
                "slug": "toy-story-3"
            },
            {
                "id": "579d10c2-0991-41fb-ad32-ab6e8cec79e3",
                "title": "Toy Story 4",
                "imageCover": "/content/media/movies/toy-story-4.jpeg",
                "categories": ["7a11d2cc-0ea2-4fb9-bee9-bfcb9e7104bb"],
                "slug": "toy-story-4"
            },
            {
                "id": "355c5394-a9c3-4dfd-9e3a-d143d9304bc8",
                "title": "UP Altas Aventuras",
                "imageCover": "/content/media/movies/up-altas-aventuras.jpeg",
                "categories": ["7a11d2cc-0ea2-4fb9-bee9-bfcb9e7104bb"],
                "slug": "up-altas-aventuras"
            },
            {
                "id": "d60d7a62-cba9-4731-a98b-3e026d2db423",
                "title": "Valente",
                "imageCover": "/content/media/movies/valente.jpeg",
                "categories": ["7a11d2cc-0ea2-4fb9-bee9-bfcb9e7104bb"],
                "slug": "valente"
            },
            {
                "id": "7590f99f-7f69-49a3-a62c-d49cec59884c",
                "title": "Vida de Inseto",
                "imageCover": "/content/media/movies/vida-de-inseto.jpeg",
                "categories": ["7a11d2cc-0ea2-4fb9-bee9-bfcb9e7104bb"],
                "slug": "vida-de-inseto"
            },
            {
                "id": "f6563069-41cf-4e71-9831-c49dabdb85b3",
                "title": "Viva: A Vida é uma Festa",
                "imageCover": "/content/media/movies/viva.jpeg",
                "categories": ["7a11d2cc-0ea2-4fb9-bee9-bfcb9e7104bb"],
                "slug": "viva"
            },
            {
                "id": "59de9d71-c047-4a6c-8b74-96275d7c843a",
                "title": "Wall-E",
                "imageCover": "/content/media/movies/wall-e.jpeg",
                "categories": ["7a11d2cc-0ea2-4fb9-bee9-bfcb9e7104bb"],
                "slug": "wall-e"
            },
            {
                "id": "2f6f6539-b84f-4a5b-85e3-3dc07b1c9ceb",
                "title": "The Mandalorian",
                "imageCover": "/content/media/movies/the-mandalorian.jpeg",
                "categories": ["1aba57cf-2149-4ce1-866c-ca2a5d7ab868", "43f435a4-5188-4d29-b14c-9211bb3519de"],
                "slug": "the-mandalorian"
            },
            {
                "id": "5cde35f5-377b-469f-8898-4ed288685ba9",
                "title": "The Bad Batch",
                "imageCover": "/content/media/movies/the-bad-batch.jpeg",
                "categories": ["1aba57cf-2149-4ce1-866c-ca2a5d7ab868"],
                "slug": "the-bad-batch"
            },
            {
                "id": "984945db-2598-452a-b8ff-24d59a1eaeaa",
                "title": "Star Wars: Rogue One",
                "imageCover": "/content/media/movies/star-wars-rogue-one.jpeg",
                "categories": ["1aba57cf-2149-4ce1-866c-ca2a5d7ab868"],
                "slug": "star-wars-rogue-one"
            },
            {
                "id": "aaba9ccb-2d22-4260-867c-3ed46ce43055",
                "title": "Star Wars: Han Solo",
                "imageCover": "/content/media/movies/star-wars-han-solo.jpeg",
                "categories": ["1aba57cf-2149-4ce1-866c-ca2a5d7ab868"],
                "slug": "star-wars-han-solo"
            },
            {
                "id": "78247978-600e-4919-9e01-e90556c762d5",
                "title": "Star Wars I: A Ameaça Fantasma",
                "imageCover": "/content/media/movies/star-wars-I-a-ameaca-fantasma.jpeg",
                "categories": ["1aba57cf-2149-4ce1-866c-ca2a5d7ab868"],
                "slug": "star-wars-I-a-ameaca-fantasma"
            },
            {
                "id": "8dc76ee8-3427-4d93-b70b-15b1cbe44181",
                "title": "Star Wars II: Ataque dos Clones",
                "imageCover": "/content/media/movies/star-wars-II-ataque-dos-clones.jpeg",
                "categories": ["1aba57cf-2149-4ce1-866c-ca2a5d7ab868"],
                "slug": "star-wars-II-ataque-dos-clones"
            },
            {
                "id": "8b6c76a6-4a4f-4c01-a6f7-ff3b81720f62",
                "title": "Star Wars III: Vingança dos Sith",
                "imageCover": "/content/media/movies/star-wars-III-vinganca-dos-sith.jpeg",
                "categories": ["1aba57cf-2149-4ce1-866c-ca2a5d7ab868"],
                "slug": "star-wars-III-vinganca-dos-sith"
            },
            {
                "id": "1bf0a787-81f0-4641-b96e-facf5c236060",
                "title": "Star Wars IV: Uma Nova Esperança",
                "imageCover": "/content/media/movies/star-wars-IV-uma-nova-esperanca.jpeg",
                "categories": ["1aba57cf-2149-4ce1-866c-ca2a5d7ab868"],
                "slug": "star-wars-IV-uma-nova-esperanca"
            },
            {
                "id": "f67868b3-3523-41c9-8915-6e547b7961f8",
                "title": "Star Wars V: O Imperio Contra-Ataca",
                "imageCover": "/content/media/movies/star-wars-V-o-imperio-contra-ataca.jpeg",
                "categories": ["1aba57cf-2149-4ce1-866c-ca2a5d7ab868"],
                "slug": "star-wars-V-o-imperio-contrataca"
            },
            {
                "id": "54dee347-bd25-4d50-9598-884872c70844",
                "title": "Star Wars VI: O Retorno de Jedi",
                "imageCover": "/content/media/movies/star-wars-VI-o-retorno-de-jedi.jpeg",
                "categories": ["1aba57cf-2149-4ce1-866c-ca2a5d7ab868"],
                "slug": "star-wars-VI-o-retorno-de-jedi"
            },
            {
                "id": "9192e669-59b0-4117-bbbd-931474a2e02a",
                "title": "Star Wars VII: O Despertar da Força",
                "imageCover": "/content/media/movies/star-wars-VII-o-despertar-da-forca.jpeg",
                "categories": ["1aba57cf-2149-4ce1-866c-ca2a5d7ab868"],
                "slug": "star-wars-VII-o-despertar-da-forca"
            },
            {
                "id": "c8370d48-1cf1-4f4e-80ab-c936ebbbffb0",
                "title": "Star Wars VIII: Os Últimos Jedi",
                "imageCover": "/content/media/movies/star-wars-VIII-os-ultimos-jedi.jpeg",
                "categories": ["1aba57cf-2149-4ce1-866c-ca2a5d7ab868"],
                "slug": "star-wars-VIII-os-ultimos-jedi"
            },
            {
                "id": "424be558-e0b5-4abc-819d-734c816645f2",
                "title": "Star Wars IX: A Ascensão Skywalker",
                "imageCover": "/content/media/movies/star-wars-IX-a-ascensao-skywalker.jpeg",
                "categories": ["1aba57cf-2149-4ce1-866c-ca2a5d7ab868", "43f435a4-5188-4d29-b14c-9211bb3519de"],
                "slug": "star-wars-IX-a-ascensao-skywalker"
            },
            {
                "id": "c7f68c0d-36eb-403e-8579-ba0251dec972",
                "title": "A Era do Gelo: As Aventuras de Buck",
                "imageCover": "/content/media/movies/a-era-do-gelo-as-aventuras-de-buck.jpeg",
                "categories": ["dc74e381-3043-4c4b-abae-db1655543ce7"],
                "slug": "a-era-do-gelo-as-aventuras-de-buck"
            },
            {
                "id": "fba98ef1-5b31-4b0c-8892-67ea2fac05a3",
                "title": "A Família Radical",
                "imageCover": "/content/media/movies/a-familia-radical.jpeg",
                "categories": ["dc74e381-3043-4c4b-abae-db1655543ce7"],
                "slug": "a-familia-radical"
            },
            {
                "id": "bce2cd4c-8260-46f9-a472-449fe475efab",
                "title": "As Maravilhas dos Estados Unidos",
                "imageCover": "/content/media/movies/as-maravillas-dos-estados-unidos.jpeg",
                "categories": ["dc74e381-3043-4c4b-abae-db1655543ce7"],
                "slug": "as-maravillas-dos-estados-unidos"
            },
            {
                "id": "ab6bcde9-92c0-4cbe-a23a-550f59d5bce4",
                "title": "Baymax",
                "imageCover": "/content/media/movies/baymax.jpeg",
                "categories": ["dc74e381-3043-4c4b-abae-db1655543ce7"],
                "slug": "baymax"
            },
            {
                "id": "11249a32-b1be-4d58-9bb8-a7dcb6a0ae19",
                "title": "Eternos",
                "imageCover": "/content/media/movies/eternos.jpeg",
                "categories": ["dc74e381-3043-4c4b-abae-db1655543ce7"],
                "slug": "eternos"
            },
            {
                "id": "9cf2536a-84c1-4551-8935-00378f16930a",
                "title": "O Livro de Boba Fett",
                "imageCover": "/content/media/movies/o-livro-de-boba-fett.jpeg",
                "categories": ["dc74e381-3043-4c4b-abae-db1655543ce7"],
                "slug": "o-livro-de-boba-fett"
            },
            {
                "id": "b36fb145-f0a7-4b8d-b9e6-c7a1ecc5b0ac",
                "title": "Obi Wan Kenobi",
                "imageCover": "/content/media/movies/.jpeg",
                "categories": ["obi-wan-kenobi"],
                "slug": "obi-wan-kenobi"
            },
            {
                "id": "a09d048b-072e-4aa5-bda6-1105ff8f2c11",
                "title": "Os Tênis Encantados",
                "imageCover": "/content/media/movies/os-tenis-encantados.jpeg",
                "categories": ["dc74e381-3043-4c4b-abae-db1655543ce7"],
                "slug": "os-tenis-encantados"
            },
            {
                "id": "c8fbe445-a7a4-4c5a-b31b-5feabe9161e4",
                "title": "Willow",
                "imageCover": "/content/media/movies/willow.jpeg",
                "categories": ["dc74e381-3043-4c4b-abae-db1655543ce7"],
                "slug": "willow"
            },
            {
                "id": "0a5334cc-5582-4f3e-9e97-aeffe7a4edce",
                "title": "A História do Imagineering",
                "imageCover": "/content/media/movies/a-historia-do-imagineering.jpeg",
                "categories": ["a4c6bccd-f54b-410f-8aeb-6954608412a3"],
                "slug": "a-historia-do-imagineering"
            },
            {
                "id": "98372d1d-2286-4c31-b899-00da5a753dda",
                "title": "Acordando a Bela Adormecida",
                "imageCover": "/content/media/movies/acordando-a-bela-adormecida.jpeg",
                "categories": ["a4c6bccd-f54b-410f-8aeb-6954608412a3"],
                "slug": "acordando-a-bela-adormecida"
            },
            {
                "id": "d8aa8c82-1ec3-4864-85df-003e46727d12",
                "title": "Americas Heart & Soul.jpeg",
                "imageCover": "/content/media/movies/americas-heart-e-soul.jpeg",
                "categories": ["a4c6bccd-f54b-410f-8aeb-6954608412a3"],
                "slug": "americas-heart-e-soul.jpeg"
            },
            {
                "id": "d3a86041-3db3-4ded-b9fb-0fd79d52365a",
                "title": "Conhecendo as Esculturas e Modelagens dos Filmes",
                "imageCover": "/content/media/movies/conhecendo-as-esculturas-e-modelagens-dos-filmes.jpeg",
                "categories": ["a4c6bccd-f54b-410f-8aeb-6954608412a3"],
                "slug": "conhecendo-as-esculturas-e-modelagens-dos-filmes"
            },
            {
                "id": "cb3e8e09-3f50-407b-b42d-feda65abc5e3",
                "title": "Criaturas Das Profundezas",
                "imageCover": "/content/media/movies/criaturas-das-profundezas.jpeg",
                "categories": ["a4c6bccd-f54b-410f-8aeb-6954608412a3"],
                "slug": "criaturas-das-profundezas"
            },
            {
                "id": "d8f2daac-eec9-4490-9816-f85103f787e2",
                "title": "Disney por Dentro",
                "imageCover": "/content/media/movies/disney-por-dentro.jpeg",
                "categories": ["a4c6bccd-f54b-410f-8aeb-6954608412a3", "43f435a4-5188-4d29-b14c-9211bb3519de"],
                "slug": "disney-por-dentro"
            },
            {
                "id": "1bb1237d-8965-4800-af76-6cc6d85e88b6",
                "title": "Dublê de Risco",
                "imageCover": "/content/media/movies/duble-de-risco.jpeg",
                "categories": ["a4c6bccd-f54b-410f-8aeb-6954608412a3"],
                "slug": "duble-de-risco"
            },
            {
                "id": "2adb5cc5-b0da-424c-889e-2b2d35c5f359",
                "title": "Em Busca do Sonho",
                "imageCover": "/content/media/movies/em-busca-do-sonho.jpeg",
                "categories": ["a4c6bccd-f54b-410f-8aeb-6954608412a3"],
                "slug": "em-busca-do-sonho"
            },
            {
                "id": "9ed1d5b0-2bdf-469f-b096-b33e45a22572",
                "title": "Frankie e Ollie",
                "imageCover": "/content/media/movies/frankie-e-ollie.jpeg",
                "categories": ["a4c6bccd-f54b-410f-8aeb-6954608412a3"],
                "slug": "frankie-e-ollie"
            },
            {
                "id": "174781cd-62a0-4ef6-aad4-ae89dde79888",
                "title": "High School Musical",
                "imageCover": "/content/media/movies/high-school-musical.jpeg",
                "categories": ["a4c6bccd-f54b-410f-8aeb-6954608412a3"],
                "slug": "high-school-musical"
            },
            {
                "id": "fa19243c-b1b0-49b8-b1ec-a741965bfaef",
                "title": "Howard: Sons de um Gênio",
                "imageCover": "/content/media/movies/howard-sons-de-um-genio.jpeg",
                "categories": ["a4c6bccd-f54b-410f-8aeb-6954608412a3"],
                "slug": "howard-sons-de-um-genio"
            },
            {
                "id": "b12afd6d-1ff7-4a9c-9e96-e455114570cd",
                "title": "Nos Bastidores de Frozen II",
                "imageCover": "/content/media/movies/nos-bastidores-de-frozen-II.jpeg",
                "categories": ["a4c6bccd-f54b-410f-8aeb-6954608412a3"],
                "slug": "nos-bastidores-de-frozen-II"
            },
            {
                "id": "35261b37-da47-47c8-9518-202866b20ba9",
                "title": "O Dragão Relutante",
                "imageCover": "/content/media/movies/o-dragao-relutante.jpeg",
                "categories": ["a4c6bccd-f54b-410f-8aeb-6954608412a3"],
                "slug": "o-dragao-relutante"
            },
            {
                "id": "31950827-81dd-4df1-8b6a-03f7b5240521",
                "title": "Por Trás da Diversão",
                "imageCover": "/content/media/movies/por-tras-da-diversao.jpeg",
                "categories": ["a4c6bccd-f54b-410f-8aeb-6954608412a3"],
                "slug": "por-tras-da-diversao"
            },
            {
                "id": "0367f990-74c5-4545-8e0a-e36c831570d2",
                "title": "The Boys",
                "imageCover": "/content/media/movies/the-boys.jpeg",
                "categories": ["a4c6bccd-f54b-410f-8aeb-6954608412a3"],
                "slug": "the-boys"
            },
            {
                "id": "a3323910-05a3-40c8-84b8-03af2281fcdc",
                "title": "Um Dia na Disney",
                "imageCover": "/content/media/movies/um-dia-na-disney.jpeg",
                "categories": ["a4c6bccd-f54b-410f-8aeb-6954608412a3", "43f435a4-5188-4d29-b14c-9211bb3519de"],
                "slug": "um-dia-na-disney"
            },
            {
                "id": "af624595-bb3a-47df-81d7-5a1fc1aad845",
                "title": "Um Dia na Disney: Curtas",
                "imageCover": "/content/media/movies/um-dia-na-disney-curtas.jpeg",
                "categories": ["a4c6bccd-f54b-410f-8aeb-6954608412a3"],
                "slug": "um-dia-na-disney-curtas"
            },
            {
                "id": "3835f1e3-e1c0-4b90-bd1b-a7314c385fd4",
                "title": "Wolfgang: O Chefe da Celebridade",
                "imageCover": "/content/media/movies/wolfgang-o-chefe-da-celebridade.jpeg",
                "categories": ["a4c6bccd-f54b-410f-8aeb-6954608412a3"],
                "slug": "wolfgang-o-chefe-da-celebridade"
            },
            {
                "id": "7b35b44a-f6aa-420c-ba2b-a4a1f6c23f4b",
                "title": "A Melhor Idéia",
                "imageCover": "/content/media/movies/a-melhor-ideia.jpeg",
                "categories": ["4d5bde1a-6b6d-473a-84be-8bfa364407e5"],
                "slug": "a-melhor-ideia"
            },
            {
                "id": "c3c45611-a174-478c-bbe0-260b78324e88",
                "title": "A Vida Secreta dos Chipanzés",
                "imageCover": "/content/media/movies/a-vida-secreta-dos-chipanzes.jpeg",
                "categories": ["4d5bde1a-6b6d-473a-84be-8bfa364407e5"],
                "slug": "a-vida-secreta-dos-chipanzes"
            },
            {
                "id": "42b9d533-ff44-4f43-9015-68c4eacab31a",
                "title": "Acredite, É Verdade!",
                "imageCover": "/content/media/movies/acredite-e-verdade.jpeg",
                "categories": ["4d5bde1a-6b6d-473a-84be-8bfa364407e5"],
                "slug": "acredite-e-verdade"
            },
            {
                "id": "6f0ee40d-a37f-4ff7-9f7f-ee23dffe4128",
                "title": "Animal Kingdon",
                "imageCover": "/content/media/movies/animal-kingdon.jpeg",
                "categories": ["4d5bde1a-6b6d-473a-84be-8bfa364407e5"],
                "slug": "animal-kingdon"
            },
            {
                "id": "6ea11a51-79a0-4fd0-8780-35c1146d5da7",
                "title": "As Várias Faces da Terra",
                "imageCover": "/content/media/movies/as-varias-faces-da-terra.jpeg",
                "categories": ["4d5bde1a-6b6d-473a-84be-8bfa364407e5"],
                "slug": "as-varias-faces-da-terra"
            },
            {
                "id": "edce177c-b056-4389-b049-3d28ec75471a",
                "title": "Bem Vindos à Terra",
                "imageCover": "/content/media/movies/bem-vindos-a-terra.jpeg",
                "categories": ["4d5bde1a-6b6d-473a-84be-8bfa364407e5", "43f435a4-5188-4d29-b14c-9211bb3519de"],
                "slug": "bem-vindos-a-terra"
            },
            {
                "id": "a97e5ef5-18bf-4805-b368-6cebb7f9875e",
                "title": "Brincando com Tubarões",
                "imageCover": "/content/media/movies/brincando-com-tubaroes.jpeg",
                "categories": ["4d5bde1a-6b6d-473a-84be-8bfa364407e5"],
                "slug": "brincando-com-tubaroes"
            },
            {
                "id": "0b078ae7-33d4-463e-a60e-7a0f279e7eb4",
                "title": "Destinos Inesperados",
                "imageCover": "/content/media/movies/destinos-inesperados.jpeg",
                "categories": ["4d5bde1a-6b6d-473a-84be-8bfa364407e5"],
                "slug": "destinos-inesperados"
            },
            {
                "id": "210dac81-f176-4cab-9cf0-110c12a224a1",
                "title": "O Mundo dos Animais",
                "imageCover": "/content/media/movies/o-mundo-dos-animais.jpeg",
                "categories": ["4d5bde1a-6b6d-473a-84be-8bfa364407e5", "43f435a4-5188-4d29-b14c-9211bb3519de"],
                "slug": "o-mundo-dos-animais"
            },
            {
                "id": "5d6184ec-f452-47af-9583-510eda052185",
                "title": "O Mundo Segundo Jeff Goldblum",
                "imageCover": "/content/media/movies/o-mundo-segundo-jeff-goldblum.jpeg",
                "categories": ["4d5bde1a-6b6d-473a-84be-8bfa364407e5"],
                "slug": "o-mundo-segundo-jeff-goldblum"
            },
            {
                "id": "8cb3216d-4b62-492f-8d1f-296ac76902b8",
                "title": "Os Eleitos",
                "imageCover": "/content/media/movies/os-eleitos.jpeg",
                "categories": ["4d5bde1a-6b6d-473a-84be-8bfa364407e5"],
                "slug": "os-eleitos"
            },
            {
                "id": "2b5dee66-340d-4ba9-b86b-14af9e6946f5",
                "title": "Os Segredo das Baleias",
                "imageCover": "/content/media/movies/os-segredo-das-baleias.jpeg",
                "categories": ["4d5bde1a-6b6d-473a-84be-8bfa364407e5"],
                "slug": "os-segredo-das-baleias"
            },
            {
                "id": "36563432-750c-437d-8d9d-b2537b941059",
                "title": "Projeto Mercury: Os Sete Escolhidos",
                "imageCover": "/content/media/movies/projeto-mercury-os-sete-escolhidos.jpeg",
                "categories": ["4d5bde1a-6b6d-473a-84be-8bfa364407e5"],
                "slug": "projeto-mercury-os-sete-escolhidos"
            },
            {
                "id": "41cad4d7-64fa-4e32-b014-8b59978641f5",
                "title": "Avatar",
                "imageCover": "/content/media/movies/avatar.jpeg",
                "categories": ["43f435a4-5188-4d29-b14c-9211bb3519de"],
                "slug": "avatar"
            },
            {
                "id": "67bc3a6d-d19f-4fac-99c6-df4660fcb707",
                "title": "Piratas do Caribe: O Baú da Morte",
                "imageCover": "/content/media/movies/piratas-do-caribe-o-bau-da-morte.jpeg",
                "categories": ["43f435a4-5188-4d29-b14c-9211bb3519de"],
                "slug": "piratas-do-caribe-o-bau-da-morte"
            },
            {
                "id": "b1fc4951-7d08-45dc-9607-c15f2d97ebc4",
                "title": "X-Men: Apocalipse",
                "imageCover": "/content/media/movies/xmen-apocalipse.jpeg",
                "categories": ["43f435a4-5188-4d29-b14c-9211bb3519de"],
                "slug": "xmen-apocalipse"
            },
            {
                "id": "95c58213-ca7c-49ef-9630-fda75545f7b9",
                "title": "X-Men: Dias de um Futuro Esquecido",
                "imageCover": "/content/media/movies/xmen-dias-de-um-futuro-esquecido.jpeg",
                "categories": ["43f435a4-5188-4d29-b14c-9211bb3519de"],
                "slug": "xmen-dias-de-um-futuro-esquecido"
            },
            {
                "id": "9b10625a-6ad9-4557-86d6-44536d468a35",
                "title": "X-Men: Wolverine - Origens",
                "imageCover": "/content/media/movies/xmen-wolverine-origens.jpeg",
                "categories": ["43f435a4-5188-4d29-b14c-9211bb3519de"],
                "slug": "xmen-wolverine-origens"
            }
        ],
        "userProfiles": [
            {
                "id": "9460638b-41d0-41f8-bc81-e09760824577",
                "name": "Felipe",
                "avatar": "/content/media/users/avatar/felipe.png"
            },
            {
                "id": "b48308b5-95d2-41ad-9008-868ca942b51a",
                "name": "Chloe",
                "avatar": "/content/media/users/avatar/chloe.png"
            },
            {
                "id": "3e2690ec-d5c6-466b-84b1-d9c6cd21e742",
                "name": "Fabrício",
                "avatar": "/content/media/users/avatar/fabricio.png"
            },
            {
                "id": "996151cb-2850-4e2a-90f2-36a3d1ba04e2",
                "name": "Iara",
                "avatar": "/content/media/users/avatar/iara.png"
            },
            {
                "id": "ffd7d1d7-7651-4790-a835-3c2c18ac49a9",
                "name": "Rafael",
                "avatar": "/content/media/users/avatar/rafael.png"
            }
        ]
    }
}